Learner,Domain,Evidence Date,Evidence Type,Score/Level,Correction Complete,Intervention or Extension,Teacher Note
,Geometric foundations,,,,,,
,Constructions,,,,,,
,Logic and proof,,,,,,
,Measurement precision,,,,,,
,Transformations,,,,,,
,Congruence,,,,,,
,Symmetry,,,,,,
,Tessellations,,,,,,
,Triangle congruence,,,,,,
,Proof,,,,,,
,Triangle centers,,,,,,
,Inequalities,,,,,,
,Parallel lines,,,,,,
,Slope,,,,,,
,Coordinate proof,,,,,,
,Equations of lines,,,,,,
,Similarity,,,,,,
,Dilations,,,,,,
,Proportions,,,,,,
,Scale drawings,,,,,,
,Pythagorean theorem,,,,,,
,Special right triangles,,,,,,
,Trigonometry,,,,,,
,Bearings,,,,,,
,Polygons,,,,,,
,Quadrilaterals,,,,,,
,Coordinate proof,,,,,,
,Regular polygons,,,,,,
,Circles,,,,,,
,Arcs and angles,,,,,,
,Tangency,,,,,,
,Circle equations,,,,,,
,Loci,,,,,,
,Analytic geometry,,,,,,
,Distance,,,,,,
,Conic connections,,,,,,
,Area,,,,,,
,Precision and error,,,,,,
,Geometric probability,,,,,,
,Optimization,,,,,,
,Solids,,,,,,
,Surface area,,,,,,
,Volume,,,,,,
,Cross-sections,,,,,,
,Technical drawing,,,,,,
,Scale,,,,,,
,Coordinate geometry,,,,,,
,Design communication,,,,,,
,Modelling,,,,,,
,Proof,,,,,,
,Technical communication,,,,,,
,Reflection,,,,,,
